"","group","subregion","individuals","mean.ycoord","mean.xcoord","pnpla3","reference","scale"
"1",1,"South America",28,-16.4501851851852,-63.2248148148148,0.5,0.5,3
"2",2,"Middle America",96,13.1667,-59.5333,0.15625,0.84375,4
"3",3,"North America",5,55.96,-102.92,0.5,0.5,2
"4",4,"South America",192,1.27542344114411,-72.2602788294829,0.606770833333333,0.393229166666667,5
"5",5,"Middle America",48,21.97625,-97.7960416664583,0.614583333333333,0.385416666666667,4
"6",6,"Middle America",101,18.25,-66.5,0.287128712871287,0.712871287128713,5
"7",7,"North America",336,37.9502976190476,-97.1810019842262,0.293154761904762,0.706845238095238,5
