"","group","subregion","individuals","mean.ycoord","mean.xcoord","pnpla3","reference","scale"
"1",1,"South East Europe",7,40.0197177783333,23.027486945,0.428571428571429,0.571428571428571,2
"2",2,"Middle Europe",5,49.0331250825,17.6468056675,0.5,0.5,2
"3",3,"North Europe",102,61.5632268080808,23.5568134158249,0.161764705882353,0.838235294117647,5
"4",4,"West Europe",166,42.3411878319652,-1.43859649122807,0.265060240963855,0.734939759036145,5
"5",5,"North Europe",2,64.13333333,-21.93333333,0.25,0.75,2
"6",6,"South Europe",161,42.6086732919255,11.7825863354037,0.270186335403727,0.729813664596273,5
"7",7,"North Europe",107,54.7418691588785,-2.10785046728972,0.275700934579439,0.724299065420561,5
